[
  {
    "id": "8b1fc513-fabb-4b07-832a-9ff4df7aaded",
    "data": [
      {
        "text": "Look up train departures pls",
        "userDefined": false
      }
    ],
    "isTemplate": false,
    "count": 0,
    "updated": 1546444678
  },
  {
    "id": "4b641ab8-45d0-4620-97b2-196d81d76eda",
    "data": [
      {
        "text": "Are there any trains at this date?",
        "userDefined": false
      }
    ],
    "isTemplate": false,
    "count": 0,
    "updated": 1546506177
  },
  {
    "id": "d1ff043c-8fbf-4995-aa42-2796bd714401",
    "data": [
      {
        "text": "Could you look for trains?",
        "userDefined": false
      }
    ],
    "isTemplate": false,
    "count": 0,
    "updated": 1546444678
  }
]