[
  {
    "id": "77029201-f924-498b-abfd-c3b22dfbb43d",
    "data": [
      {
        "text": "I would like to look up flights",
        "userDefined": false
      }
    ],
    "isTemplate": false,
    "count": 0,
    "updated": 1546529740
  },
  {
    "id": "48fad919-2c80-4c04-9356-5325d4d72f9a",
    "data": [
      {
        "text": "Fly to ",
        "userDefined": false
      },
      {
        "text": "CPH",
        "alias": "airport",
        "meta": "@sys.airport",
        "userDefined": true
      }
    ],
    "isTemplate": false,
    "count": 0,
    "updated": 1546518259
  },
  {
    "id": "3f10d3ba-fb82-4dd0-bc79-1e39c8e9eec8",
    "data": [
      {
        "text": "Look up flights to ",
        "userDefined": false
      },
      {
        "text": "VNO",
        "alias": "airport",
        "meta": "@sys.airport",
        "userDefined": true
      }
    ],
    "isTemplate": false,
    "count": 0,
    "updated": 1546518259
  },
  {
    "id": "2751da7a-4d46-4a3f-af9b-923f52e1af66",
    "data": [
      {
        "text": "Can you look up flights?",
        "userDefined": false
      }
    ],
    "isTemplate": false,
    "count": 0,
    "updated": 1546506112
  },
  {
    "id": "86d06f38-f659-4a00-a822-f3ed93ff19e5",
    "data": [
      {
        "text": "What planes leave at this date?",
        "userDefined": false
      }
    ],
    "isTemplate": false,
    "count": 0,
    "updated": 1546506112
  },
  {
    "id": "97e87fa8-8bb3-43cf-ae04-dcf7da4172c5",
    "data": [
      {
        "text": "Any departures going from the airport at this time?",
        "userDefined": false
      }
    ],
    "isTemplate": false,
    "count": 0,
    "updated": 1546506112
  }
]